{"assets/.DS_Store":["assets/.DS_Store"],"assets/icons/.DS_Store":["assets/icons/.DS_Store"],"assets/icons/add.svg":["assets/icons/add.svg"],"assets/icons/adjust.svg":["assets/icons/adjust.svg"],"assets/icons/arrowRIght.svg":["assets/icons/arrowRIght.svg"],"assets/icons/arrow_down.svg":["assets/icons/arrow_down.svg"],"assets/icons/arrow_left.svg":["assets/icons/arrow_left.svg"],"assets/icons/arrow_right.svg":["assets/icons/arrow_right.svg"],"assets/icons/avatar.svg":["assets/icons/avatar.svg"],"assets/icons/backup.svg":["assets/icons/backup.svg"],"assets/icons/calendar.svg":["assets/icons/calendar.svg"],"assets/icons/cancel.svg":["assets/icons/cancel.svg"],"assets/icons/check.svg":["assets/icons/check.svg"],"assets/icons/checklist.svg":["assets/icons/checklist.svg"],"assets/icons/circle.svg":["assets/icons/circle.svg"],"assets/icons/circle_fill.svg":["assets/icons/circle_fill.svg"],"assets/icons/close.svg":["assets/icons/close.svg"],"assets/icons/code_blocks.svg":["assets/icons/code_blocks.svg"],"assets/icons/delete.svg":["assets/icons/delete.svg"],"assets/icons/dock_to_right.svg":["assets/icons/dock_to_right.svg"],"assets/icons/done.svg":["assets/icons/done.svg"],"assets/icons/download.svg":["assets/icons/download.svg"],"assets/icons/drag_indicator.svg":["assets/icons/drag_indicator.svg"],"assets/icons/due_date.svg":["assets/icons/due_date.svg"],"assets/icons/edit.svg":["assets/icons/edit.svg"],"assets/icons/file_present.svg":["assets/icons/file_present.svg"],"assets/icons/flag.svg":["assets/icons/flag.svg"],"assets/icons/flag_fill.svg":["assets/icons/flag_fill.svg"],"assets/icons/format_h1.svg":["assets/icons/format_h1.svg"],"assets/icons/format_h2.svg":["assets/icons/format_h2.svg"],"assets/icons/format_h3.svg":["assets/icons/format_h3.svg"],"assets/icons/format_list_bulleted.svg":["assets/icons/format_list_bulleted.svg"],"assets/icons/format_list_numbered.svg":["assets/icons/format_list_numbered.svg"],"assets/icons/format_quote.svg":["assets/icons/format_quote.svg"],"assets/icons/img_holder.svg":["assets/icons/img_holder.svg"],"assets/icons/keyboard_return.svg":["assets/icons/keyboard_return.svg"],"assets/icons/list.svg":["assets/icons/list.svg"],"assets/icons/menu_close.svg":["assets/icons/menu_close.svg"],"assets/icons/menu_open.svg":["assets/icons/menu_open.svg"],"assets/icons/more.svg":["assets/icons/more.svg"],"assets/icons/ok.svg":["assets/icons/ok.svg"],"assets/icons/project.svg":["assets/icons/project.svg"],"assets/icons/right_panel_close.svg":["assets/icons/right_panel_close.svg"],"assets/icons/segment.svg":["assets/icons/segment.svg"],"assets/icons/send.svg":["assets/icons/send.svg"],"assets/icons/settings.svg":["assets/icons/settings.svg"],"assets/icons/sort.svg":["assets/icons/sort.svg"],"assets/icons/tag.svg":["assets/icons/tag.svg"],"assets/icons/task_alt.svg":["assets/icons/task_alt.svg"],"assets/icons/task_done.svg":["assets/icons/task_done.svg"],"assets/icons/tips_and_updates.svg":["assets/icons/tips_and_updates.svg"],"assets/icons/today_fav.svg":["assets/icons/today_fav.svg"],"assets/icons/tune.svg":["assets/icons/tune.svg"],"assets/icons/undone.svg":["assets/icons/undone.svg"],"assets/icons/upload_file.svg":["assets/icons/upload_file.svg"],"assets/icons/user.svg":["assets/icons/user.svg"],"assets/icons/wlist.svg":["assets/icons/wlist.svg"],"assets/wallpaper/.DS_Store":["assets/wallpaper/.DS_Store"],"assets/wallpaper/theme01.jpeg":["assets/wallpaper/theme01.jpeg"],"packages/cupertino_icons/assets/CupertinoIcons.ttf":["packages/cupertino_icons/assets/CupertinoIcons.ttf"],"packages/flutter_inappwebview/assets/t_rex_runner/t-rex.css":["packages/flutter_inappwebview/assets/t_rex_runner/t-rex.css"],"packages/flutter_inappwebview/assets/t_rex_runner/t-rex.html":["packages/flutter_inappwebview/assets/t_rex_runner/t-rex.html"],"packages/flutter_math_fork/lib/katex_fonts/fonts/KaTeX_AMS-Regular.ttf":["packages/flutter_math_fork/lib/katex_fonts/fonts/KaTeX_AMS-Regular.ttf"],"packages/flutter_math_fork/lib/katex_fonts/fonts/KaTeX_Caligraphic-Bold.ttf":["packages/flutter_math_fork/lib/katex_fonts/fonts/KaTeX_Caligraphic-Bold.ttf"],"packages/flutter_math_fork/lib/katex_fonts/fonts/KaTeX_Caligraphic-Regular.ttf":["packages/flutter_math_fork/lib/katex_fonts/fonts/KaTeX_Caligraphic-Regular.ttf"],"packages/flutter_math_fork/lib/katex_fonts/fonts/KaTeX_Fraktur-Bold.ttf":["packages/flutter_math_fork/lib/katex_fonts/fonts/KaTeX_Fraktur-Bold.ttf"],"packages/flutter_math_fork/lib/katex_fonts/fonts/KaTeX_Fraktur-Regular.ttf":["packages/flutter_math_fork/lib/katex_fonts/fonts/KaTeX_Fraktur-Regular.ttf"],"packages/flutter_math_fork/lib/katex_fonts/fonts/KaTeX_Main-Bold.ttf":["packages/flutter_math_fork/lib/katex_fonts/fonts/KaTeX_Main-Bold.ttf"],"packages/flutter_math_fork/lib/katex_fonts/fonts/KaTeX_Main-BoldItalic.ttf":["packages/flutter_math_fork/lib/katex_fonts/fonts/KaTeX_Main-BoldItalic.ttf"],"packages/flutter_math_fork/lib/katex_fonts/fonts/KaTeX_Main-Italic.ttf":["packages/flutter_math_fork/lib/katex_fonts/fonts/KaTeX_Main-Italic.ttf"],"packages/flutter_math_fork/lib/katex_fonts/fonts/KaTeX_Main-Regular.ttf":["packages/flutter_math_fork/lib/katex_fonts/fonts/KaTeX_Main-Regular.ttf"],"packages/flutter_math_fork/lib/katex_fonts/fonts/KaTeX_Math-BoldItalic.ttf":["packages/flutter_math_fork/lib/katex_fonts/fonts/KaTeX_Math-BoldItalic.ttf"],"packages/flutter_math_fork/lib/katex_fonts/fonts/KaTeX_Math-Italic.ttf":["packages/flutter_math_fork/lib/katex_fonts/fonts/KaTeX_Math-Italic.ttf"],"packages/flutter_math_fork/lib/katex_fonts/fonts/KaTeX_SansSerif-Bold.ttf":["packages/flutter_math_fork/lib/katex_fonts/fonts/KaTeX_SansSerif-Bold.ttf"],"packages/flutter_math_fork/lib/katex_fonts/fonts/KaTeX_SansSerif-Italic.ttf":["packages/flutter_math_fork/lib/katex_fonts/fonts/KaTeX_SansSerif-Italic.ttf"],"packages/flutter_math_fork/lib/katex_fonts/fonts/KaTeX_SansSerif-Regular.ttf":["packages/flutter_math_fork/lib/katex_fonts/fonts/KaTeX_SansSerif-Regular.ttf"],"packages/flutter_math_fork/lib/katex_fonts/fonts/KaTeX_Script-Regular.ttf":["packages/flutter_math_fork/lib/katex_fonts/fonts/KaTeX_Script-Regular.ttf"],"packages/flutter_math_fork/lib/katex_fonts/fonts/KaTeX_Size1-Regular.ttf":["packages/flutter_math_fork/lib/katex_fonts/fonts/KaTeX_Size1-Regular.ttf"],"packages/flutter_math_fork/lib/katex_fonts/fonts/KaTeX_Size2-Regular.ttf":["packages/flutter_math_fork/lib/katex_fonts/fonts/KaTeX_Size2-Regular.ttf"],"packages/flutter_math_fork/lib/katex_fonts/fonts/KaTeX_Size3-Regular.ttf":["packages/flutter_math_fork/lib/katex_fonts/fonts/KaTeX_Size3-Regular.ttf"],"packages/flutter_math_fork/lib/katex_fonts/fonts/KaTeX_Size4-Regular.ttf":["packages/flutter_math_fork/lib/katex_fonts/fonts/KaTeX_Size4-Regular.ttf"],"packages/flutter_math_fork/lib/katex_fonts/fonts/KaTeX_Typewriter-Regular.ttf":["packages/flutter_math_fork/lib/katex_fonts/fonts/KaTeX_Typewriter-Regular.ttf"],"packages/math_keyboard/fonts/CustomKeyIcons.ttf":["packages/math_keyboard/fonts/CustomKeyIcons.ttf"],"packages/window_manager/images/ic_chrome_close.png":["packages/window_manager/images/ic_chrome_close.png"],"packages/window_manager/images/ic_chrome_maximize.png":["packages/window_manager/images/ic_chrome_maximize.png"],"packages/window_manager/images/ic_chrome_minimize.png":["packages/window_manager/images/ic_chrome_minimize.png"],"packages/window_manager/images/ic_chrome_unmaximize.png":["packages/window_manager/images/ic_chrome_unmaximize.png"],"packages/youtube_player_flutter/assets/speedometer.webp":["packages/youtube_player_flutter/assets/speedometer.webp"]}